<?xml version="1.0" encoding="UTF-8"?>
<properties>
  <parsers>
    <!-- parser class="org.apache.tika.parser.DefaultParser">
        <parser-exclude class="org.apache.tika.parser.ocr.TesseractOCRParser"/>
    </parser>
    <parser class="org.apache.tika.parser.pdf.PDFParser">
       <params>
          <param name="extractInlineImages" type="bool">true</param>
          <param name="ocrStrategy" type="string">ocr_only</param>
          <param name="ocrImageType" type="string">rgb</param>
          <param name="ocrDPI" type="int">200</param>
       </params>
    </parser-->
  </parsers>
</properties>
